title,link,published,source,pub_date
In-situ construction and repair of SEI via a Li2ZrF6 additive for durable lithium metal batteries,https://academic.oup.com/nsr/advance-article/doi/10.1093/nsr/nwag385/8714992?rss=1,2026-06-23 00:00:00 UTC,National Science Review Advance Access,2026-06-23 00:00:00+00:00
Managing silicon burn-out via onboard material diagnostics for durable high-energy density batteries,https://www.cell.com/joule/fulltext/S2542-4351(26)00215-1?rss=yes,2026-06-23 00:00:00 UTC,Joule,2026-06-23 00:00:00+00:00
Spatial shift of Li nucleation onto electrically conductive SEI residues,https://www.cell.com/joule/fulltext/S2542-4351(26)00216-3?rss=yes,2026-06-23 00:00:00 UTC,Joule,2026-06-23 00:00:00+00:00
Scaling vanadium flow battery for long-duration energy storage,https://www.nature.com/articles/s41560-026-02053-2,2026-06-23 00:00:00 UTC,Nature Energy,2026-06-23 00:00:00+00:00
Material equality undermined by global trade,https://www.nature.com/articles/s41893-026-01838-3,2026-06-23 00:00:00 UTC,Nature Sustainability,2026-06-23 00:00:00+00:00
Singlet fission mediates carotenoid-to-bacteriochlorophyll energy transfer in purple photosynthetic bacteria,https://www.nature.com/articles/s41557-026-02186-7,2026-06-23 00:00:00 UTC,Nature Chemistry,2026-06-23 00:00:00+00:00
Visible light steers carbonylation utilizing carbon monoxide toward diversification and practicalization,https://www.cell.com/chem/fulltext/S2451-9294(26)00136-1?rss=yes,2026-06-23 00:00:00 UTC,Chem,2026-06-23 00:00:00+00:00
Dynamic solvent exchange for fast-charging lithium batteries and beyond,https://www.nature.com/articles/s41893-026-01871-2,2026-06-23 00:00:00 UTC,Nature Sustainability,2026-06-23 00:00:00+00:00
Coherent 2D–3D van der Waals perovskite epitaxial heterostructures,https://www.nature.com/articles/s41565-026-02201-5,2026-06-23 00:00:00 UTC,Nature Nanotechnology,2026-06-23 00:00:00+00:00
Revisiting the relationship between demand growth and electricity prices,https://www.cell.com/joule/fulltext/S2542-4351(26)00212-6?rss=yes,2026-06-23 00:00:00 UTC,Joule,2026-06-23 00:00:00+00:00
"Australia's coal and gas exports violate our human rights, group says in new UN case",https://www.bbc.co.uk/news/articles/cn8q5nx6jw6o?at_medium=RSS&at_campaign=rss,2026-06-23 03:55:00 UTC,BBC News,2026-06-23 03:55:00+00:00
A dozen people will spend 8 months trapped in Arctic ice—for science,https://www.science.org/content/article/dozen-people-will-spend-8-months-trapped-arctic-ice-science,2026-06-23 04:45:00 UTC,Latest News from Science Magazine,2026-06-23 04:45:00+00:00
Seabed damaged by fishing showing signs of recovery,https://www.bbc.co.uk/news/articles/c20y9zlzwyzo?at_medium=RSS&at_campaign=rss,2026-06-23 05:16:47 UTC,BBC News,2026-06-23 05:16:47+00:00
'Right to grow' helping wild flowers bloom,https://www.bbc.co.uk/news/articles/cg4wx2l4z4qo?at_medium=RSS&at_campaign=rss,2026-06-23 06:05:33 UTC,BBC News,2026-06-23 06:05:33+00:00
BESS design can more than double co-location revenue potential,https://www.ess-news.com/2026/06/23/bess-design-can-more-than-double-co-location-revenue-potential/,2026-06-23 06:15:00 UTC,Latest news about ESS Projects & Applications | ESS News,2026-06-23 06:15:00+00:00
Protein-enhanced small molecule disruptors of ordered membrane domains,https://www.pnas.org/doi/abs/10.1073/pnas.2530579123?mi=eymic2&af=R&access=on&content=articlesChapters&publication=pnas&sortBy=Earliest&target=default,2026-06-23 07:00:00 UTC,Proceedings of the National Academy of Sciences: Keyword search for query,2026-06-23 07:00:00+00:00
Skin capillary endothelial cells form a network of spatiotemporally conserved Ca2+ activity,https://www.pnas.org/doi/abs/10.1073/pnas.2519708123?mi=eymic2&af=R&access=on&content=articlesChapters&publication=pnas&sortBy=Earliest&target=default,2026-06-23 07:00:00 UTC,Proceedings of the National Academy of Sciences: Keyword search for query,2026-06-23 07:00:00+00:00
A guardian role of TagA in protecting Mycobacterium tuberculosis from nitrosative killing,https://www.pnas.org/doi/abs/10.1073/pnas.2613344123?mi=eymic2&af=R&access=on&content=articlesChapters&publication=pnas&sortBy=Earliest&target=default,2026-06-23 07:00:00 UTC,Proceedings of the National Academy of Sciences: Keyword search for query,2026-06-23 07:00:00+00:00
Atlantic to Pacific: Outbreak of bivalve transmissible neoplasia detected in hybridizing soft-shell clams and eDNA in Puget Sound,https://www.pnas.org/doi/abs/10.1073/pnas.2611852123?mi=eymic2&af=R&access=on&content=articlesChapters&publication=pnas&sortBy=Earliest&target=default,2026-06-23 07:00:00 UTC,Proceedings of the National Academy of Sciences: Keyword search for query,2026-06-23 07:00:00+00:00
MDM2 suppresses c-Myc synthesis by binding to the 5’ mRNA translation regulatory sequence,https://www.pnas.org/doi/abs/10.1073/pnas.2611131123?mi=eymic2&af=R&access=on&content=articlesChapters&publication=pnas&sortBy=Earliest&target=default,2026-06-23 07:00:00 UTC,Proceedings of the National Academy of Sciences: Keyword search for query,2026-06-23 07:00:00+00:00
Unique fingerprint of marine ectotherm body size change during hyperthermal crises,https://www.pnas.org/doi/abs/10.1073/pnas.2505564123?mi=eymic2&af=R&access=on&content=articlesChapters&publication=pnas&sortBy=Earliest&target=default,2026-06-23 07:00:00 UTC,Proceedings of the National Academy of Sciences: Keyword search for query,2026-06-23 07:00:00+00:00
Immune cell–intrinsic STING activation drives tumor ferroptosis via AA-mediated suppression of ACSL4 lactylation in colorectal cancer,https://www.pnas.org/doi/abs/10.1073/pnas.2524594123?mi=eymic2&af=R&access=on&content=articlesChapters&publication=pnas&sortBy=Earliest&target=default,2026-06-23 07:00:00 UTC,Proceedings of the National Academy of Sciences: Keyword search for query,2026-06-23 07:00:00+00:00
Modeling framework to demonstrate elimination of a vector population: Tsetse elimination in Chad,https://www.pnas.org/doi/abs/10.1073/pnas.2524729123?mi=eymic2&af=R&access=on&content=articlesChapters&publication=pnas&sortBy=Earliest&target=default,2026-06-23 07:00:00 UTC,Proceedings of the National Academy of Sciences: Keyword search for query,2026-06-23 07:00:00+00:00
Cultivation enhances warming sensitivity of redox-driven carbon pulses in black soils: The overlooked role of anaerobic legacy effects,https://www.pnas.org/doi/abs/10.1073/pnas.2527881123?mi=eymic2&af=R&access=on&content=articlesChapters&publication=pnas&sortBy=Earliest&target=default,2026-06-23 07:00:00 UTC,Proceedings of the National Academy of Sciences: Keyword search for query,2026-06-23 07:00:00+00:00
The origin of spontaneous oxidation in a floating oil nanofilm,https://www.pnas.org/doi/abs/10.1073/pnas.2606865123?mi=eymic2&af=R&access=on&content=articlesChapters&publication=pnas&sortBy=Earliest&target=default,2026-06-23 07:00:00 UTC,Proceedings of the National Academy of Sciences: Keyword search for query,2026-06-23 07:00:00+00:00
"Daring few, patient many: Division of labor in decentralized foraging collectives",https://www.pnas.org/doi/abs/10.1073/pnas.2605309123?mi=eymic2&af=R&access=on&content=articlesChapters&publication=pnas&sortBy=Earliest&target=default,2026-06-23 07:00:00 UTC,Proceedings of the National Academy of Sciences: Keyword search for query,2026-06-23 07:00:00+00:00
Fasting primes small intestinal regeneration after damage via a microbiome–metabolite–chromatin axis,https://www.pnas.org/doi/abs/10.1073/pnas.2529215123?mi=eymic2&af=R&access=on&content=articlesChapters&publication=pnas&sortBy=Earliest&target=default,2026-06-23 07:00:00 UTC,Proceedings of the National Academy of Sciences: Keyword search for query,2026-06-23 07:00:00+00:00
Detecting silent whales using seabed fiber-optic cables,https://www.pnas.org/doi/abs/10.1073/pnas.2603077123?mi=eymic2&af=R&access=on&content=articlesChapters&publication=pnas&sortBy=Earliest&target=default,2026-06-23 07:00:00 UTC,Proceedings of the National Academy of Sciences: Keyword search for query,2026-06-23 07:00:00+00:00
Restriction–modification systems are required for Neisseria gonorrhoeae pilin antigenic variation,https://www.pnas.org/doi/abs/10.1073/pnas.2602688123?mi=eymic2&af=R&access=on&content=articlesChapters&publication=pnas&sortBy=Earliest&target=default,2026-06-23 07:00:00 UTC,Proceedings of the National Academy of Sciences: Keyword search for query,2026-06-23 07:00:00+00:00
Natural variation of CTS1 confers cold tolerance and blast resistance in rice,https://www.pnas.org/doi/abs/10.1073/pnas.2529950123?mi=eymic2&af=R&access=on&content=articlesChapters&publication=pnas&sortBy=Earliest&target=default,2026-06-23 07:00:00 UTC,Proceedings of the National Academy of Sciences: Keyword search for query,2026-06-23 07:00:00+00:00
Intracellular delivery of full-length antibodies via organ-targeted lipid nanoparticles,https://www.pnas.org/doi/abs/10.1073/pnas.2531649123?mi=eymic2&af=R&access=on&content=articlesChapters&publication=pnas&sortBy=Earliest&target=default,2026-06-23 07:00:00 UTC,Proceedings of the National Academy of Sciences: Keyword search for query,2026-06-23 07:00:00+00:00
In This Issue,https://www.pnas.org/doi/abs/10.1073/iti2526123?mi=eymic2&af=R&access=on&content=articlesChapters&publication=pnas&sortBy=Earliest&target=default,2026-06-23 07:00:00 UTC,Proceedings of the National Academy of Sciences: Keyword search for query,2026-06-23 07:00:00+00:00
Counterselection against β-lactamase-expressing bacteria via an activatable photosensitizer that accumulates in resistant pathogens,https://www.pnas.org/doi/abs/10.1073/pnas.2536405123?mi=eymic2&af=R&access=on&content=articlesChapters&publication=pnas&sortBy=Earliest&target=default,2026-06-23 07:00:00 UTC,Proceedings of the National Academy of Sciences: Keyword search for query,2026-06-23 07:00:00+00:00
Three centuries of technological innovation: Opportunity is the mother of invention,https://www.pnas.org/doi/abs/10.1073/pnas.2525310123?mi=eymic2&af=R&access=on&content=articlesChapters&publication=pnas&sortBy=Earliest&target=default,2026-06-23 07:00:00 UTC,Proceedings of the National Academy of Sciences: Keyword search for query,2026-06-23 07:00:00+00:00
A broadly conserved gram-positive lipoprotein regulates cell elongation,https://www.pnas.org/doi/abs/10.1073/pnas.2610431123?mi=eymic2&af=R&access=on&content=articlesChapters&publication=pnas&sortBy=Earliest&target=default,2026-06-23 07:00:00 UTC,Proceedings of the National Academy of Sciences: Keyword search for query,2026-06-23 07:00:00+00:00
Stable Analog Weight Programming in Single‐Crystalline van der Waals Ferroelectric Transistors for Reliable Computing‐in‐Memory,https://advanced.onlinelibrary.wiley.com/doi/10.1002/adma.73440?af=R,2026-06-23 07:28:09 UTC,Wiley: Advanced Materials: Table of Contents,2026-06-23 07:28:09+00:00
Zinc‐Doping Trap Engineering and FRET Synergy Enable Multicolor Room‐Temperature Phosphorescence in Rice‐Derived Carbon Dots Confined in Amorphous Alumina for Advanced Encryption,https://advanced.onlinelibrary.wiley.com/doi/10.1002/adma.73441?af=R,2026-06-23 07:28:09 UTC,Wiley: Advanced Materials: Table of Contents,2026-06-23 07:28:09+00:00
Enabling Sodium‐Ion Batteries Over 180 Wh/kg via Organic‐Salt‐Driven Sodium Replenishment,https://advanced.onlinelibrary.wiley.com/doi/10.1002/adma.73448?af=R,2026-06-23 07:28:09 UTC,Wiley: Advanced Materials: Table of Contents,2026-06-23 07:28:09+00:00
Quantifying the Triboelectric Series of Liquid Phase Materials,https://advanced.onlinelibrary.wiley.com/doi/10.1002/adma.73450?af=R,2026-06-23 07:28:09 UTC,Wiley: Advanced Materials: Table of Contents,2026-06-23 07:28:09+00:00
A Restacking Inhibited Carbonization Pathway for Graphitization‐Prone Precursors Toward Long‐Life Sodium‐Ion Batteries,https://advanced.onlinelibrary.wiley.com/doi/10.1002/adma.73451?af=R,2026-06-23 07:28:09 UTC,Wiley: Advanced Materials: Table of Contents,2026-06-23 07:28:09+00:00
Artificially Designed 2D Composite Material With Tailored Thermal Expansion Toward Temperature‐Stable and Accurate Nanomechanical Pressure Sensors,https://advanced.onlinelibrary.wiley.com/doi/10.1002/adma.73456?af=R,2026-06-23 07:28:09 UTC,Wiley: Advanced Materials: Table of Contents,2026-06-23 07:28:09+00:00
Supramolecular‐Covalent Hybrid Chiral Polymers with Strong Circular Dichroism and Unattenuated Dynamic Spectral Shift,https://advanced.onlinelibrary.wiley.com/doi/10.1002/adma.73463?af=R,2026-06-23 07:28:09 UTC,Wiley: Advanced Materials: Table of Contents,2026-06-23 07:28:09+00:00
High‐Contrast Handedness Inversion in Circularly Polarized Organic Ultralong Phosphorescence Enabled by an Antagonistic Chirality‐Offset Helical Superstructure,https://advanced.onlinelibrary.wiley.com/doi/10.1002/adma.73466?af=R,2026-06-23 07:28:09 UTC,Wiley: Advanced Materials: Table of Contents,2026-06-23 07:28:09+00:00
Dynamic Circular Sulfur‐Rich Polymer Glasses From Elemental Sulfur,https://advanced.onlinelibrary.wiley.com/doi/10.1002/adma.73391?af=R,2026-06-23 07:28:09 UTC,Wiley: Advanced Materials: Table of Contents,2026-06-23 07:28:09+00:00
Perspective on Material Design and Interface Engineering toward Low‐Stack‐Pressure All‐Solid‐State Lithium Batteries,https://advanced.onlinelibrary.wiley.com/doi/10.1002/adma.73342?af=R,2026-06-23 07:28:09 UTC,Wiley: Advanced Materials: Table of Contents,2026-06-23 07:28:09+00:00
High‐Performance Flexible Pyroelectric Energy Harvesting System Enabled by Light‐Driven Thermomechanical Coupling in Liquid Crystal Elastomer (Adv. Mater. 35/2026),https://advanced.onlinelibrary.wiley.com/doi/10.1002/adma.73707?af=R,2026-06-23 07:28:09 UTC,Wiley: Advanced Materials: Table of Contents,2026-06-23 07:28:09+00:00
Thiolated Polymers in 3D Bioprinting: Control of Gelation,https://advanced.onlinelibrary.wiley.com/doi/10.1002/adma.73394?af=R,2026-06-23 07:28:09 UTC,Wiley: Advanced Materials: Table of Contents,2026-06-23 07:28:09+00:00
Galvanic Replacement Synthesis Enabled by Gallium‐Based Liquid Metal: A Powerful Route for Material Design and Versatile Applications,https://advanced.onlinelibrary.wiley.com/doi/10.1002/adma.202521422?af=R,2026-06-23 07:28:09 UTC,Wiley: Advanced Materials: Table of Contents,2026-06-23 07:28:09+00:00
A Panoramic View on Plastic Waste Recycling and Upcycling: Heterogeneous Catalytic Strategies for Diverse Plastics and Multiple Pathways,https://advanced.onlinelibrary.wiley.com/doi/10.1002/adma.202521912?af=R,2026-06-23 07:28:09 UTC,Wiley: Advanced Materials: Table of Contents,2026-06-23 07:28:09+00:00
"Wooden‐Monolithic Catalytic Microreactors: Construction Strategy, Structural Regulation, and Advanced Energy and Environmental Applications",https://advanced.onlinelibrary.wiley.com/doi/10.1002/adma.72844?af=R,2026-06-23 07:28:09 UTC,Wiley: Advanced Materials: Table of Contents,2026-06-23 07:28:09+00:00
"Tailoring of Layered Bismuth‐Based Materials: Advanced Functionalities for Environment, Energy, Photonics, Electronics, and Biomedicine",https://advanced.onlinelibrary.wiley.com/doi/10.1002/adma.73398?af=R,2026-06-23 07:28:09 UTC,Wiley: Advanced Materials: Table of Contents,2026-06-23 07:28:09+00:00
A Design Strategy for Durable Anionic Redox via Fluorine‐Induced Electronic Structure Modulation in In Situ Formed Disordered Phases,https://advanced.onlinelibrary.wiley.com/doi/10.1002/adma.202518963?af=R,2026-06-23 07:28:09 UTC,Wiley: Advanced Materials: Table of Contents,2026-06-23 07:28:09+00:00
Freeform Manufacturing of Plant‐Based Structural Colors for Scalable Photonic and Mechanochromic Devices,https://advanced.onlinelibrary.wiley.com/doi/10.1002/adma.202519692?af=R,2026-06-23 07:28:09 UTC,Wiley: Advanced Materials: Table of Contents,2026-06-23 07:28:09+00:00
Economic Low‐Carbon Chemical Production via Paired Electrolysis of Carbon Monoxide (CO) and 5‐hydroxymethylfurfural (HMF),https://advanced.onlinelibrary.wiley.com/doi/10.1002/adma.73411?af=R,2026-06-23 07:28:09 UTC,Wiley: Advanced Materials: Table of Contents,2026-06-23 07:28:09+00:00
Simultaneous Passive Water and Electricity Generation in Arid Regions via Fe3+/Li+ Cross‐Linked Hygroscopic Hydrogels,https://advanced.onlinelibrary.wiley.com/doi/10.1002/adma.73439?af=R,2026-06-23 07:28:09 UTC,Wiley: Advanced Materials: Table of Contents,2026-06-23 07:28:09+00:00
Chiral Manganese Halide Co‐Crystals: A New Avenue for Efficient Circularly Polarized Luminescence,https://advanced.onlinelibrary.wiley.com/doi/10.1002/adma.73383?af=R,2026-06-23 07:28:09 UTC,Wiley: Advanced Materials: Table of Contents,2026-06-23 07:28:09+00:00
Self‐Adaptive Solar‐Thermal System With Moss‐Like Surface for Efficient Energy Utilization,https://advanced.onlinelibrary.wiley.com/doi/10.1002/adma.73376?af=R,2026-06-23 07:28:09 UTC,Wiley: Advanced Materials: Table of Contents,2026-06-23 07:28:09+00:00
20.31% Efficiency Layer‐by‐Layer Organic Solar Cells Enabled by 3D Side‐Chain Topology‐Driven Dual‐Fiber Interpenetrating Networks,https://advanced.onlinelibrary.wiley.com/doi/10.1002/adma.73422?af=R,2026-06-23 07:28:09 UTC,Wiley: Advanced Materials: Table of Contents,2026-06-23 07:28:09+00:00
Mixed‐Isomers Strategy for Thermally Stable and High‐Performance Thick‐Film All‐Small‐Molecule Organic Solar Cells,https://advanced.onlinelibrary.wiley.com/doi/10.1002/adma.73370?af=R,2026-06-23 07:28:09 UTC,Wiley: Advanced Materials: Table of Contents,2026-06-23 07:28:09+00:00
Synergistic Modulation of Crystallization Kinetics and Interface Energy‐Level Alignment for Efficient Perovskite/Silicon Tandem Solar Cells,https://advanced.onlinelibrary.wiley.com/doi/10.1002/adma.73361?af=R,2026-06-23 07:28:09 UTC,Wiley: Advanced Materials: Table of Contents,2026-06-23 07:28:09+00:00
Versatile Nano‐Crosslinker Enhanced Injectable Hydrogel Toward Rapid Hemostasis and Efficient Trauma Repair,https://advanced.onlinelibrary.wiley.com/doi/10.1002/adma.73277?af=R,2026-06-23 07:28:09 UTC,Wiley: Advanced Materials: Table of Contents,2026-06-23 07:28:09+00:00
Theory Guided Fine‐Tune of Strain Effects in Pt Ternary Alloy via Rare Earth Templating: Achieving High Performance PEMFCs Catalysts,https://advanced.onlinelibrary.wiley.com/doi/10.1002/adma.73269?af=R,2026-06-23 07:28:09 UTC,Wiley: Advanced Materials: Table of Contents,2026-06-23 07:28:09+00:00
Dynamic Redox‐Active Self‐Assembled Monolayers Enable Robust Inverted Tin–Lead Perovskite Solar Cells,https://advanced.onlinelibrary.wiley.com/doi/10.1002/adma.73258?af=R,2026-06-23 07:28:09 UTC,Wiley: Advanced Materials: Table of Contents,2026-06-23 07:28:09+00:00
Oxygen‐Synergized All‐Fiber Hydrovoltaics With Milliamp Output Toward Self‐Powered Breathable Electronics,https://advanced.onlinelibrary.wiley.com/doi/10.1002/adma.73057?af=R,2026-06-23 07:28:09 UTC,Wiley: Advanced Materials: Table of Contents,2026-06-23 07:28:09+00:00
Plastic‐Deformation‐Free Fabrication of Freestanding Metal Chalcogenide Ribbons for High‐Performance Flexible Thermoelectric Generators,https://advanced.onlinelibrary.wiley.com/doi/10.1002/adma.202519681?af=R,2026-06-23 07:28:09 UTC,Wiley: Advanced Materials: Table of Contents,2026-06-23 07:28:09+00:00
High‐Performance Flexible Pyroelectric Energy Harvesting System Enabled by Light‐Driven Thermomechanical Coupling in Liquid Crystal Elastomer,https://advanced.onlinelibrary.wiley.com/doi/10.1002/adma.202519065?af=R,2026-06-23 07:28:09 UTC,Wiley: Advanced Materials: Table of Contents,2026-06-23 07:28:09+00:00
Issue Information,https://advanced.onlinelibrary.wiley.com/doi/10.1002/adma.73703?af=R,2026-06-23 07:28:09 UTC,Wiley: Advanced Materials: Table of Contents,2026-06-23 07:28:09+00:00
Correction to “𝝅‐Conjugated Microporous Hydrocarbon Electrodes for High‐Capacity and High‐Voltage Lithium‐Ion Capacitors”,https://advanced.onlinelibrary.wiley.com/doi/10.1002/adma.73379?af=R,2026-06-23 07:28:09 UTC,Wiley: Advanced Materials: Table of Contents,2026-06-23 07:28:09+00:00
Freeform Manufacturing of Plant‐Based Structural Colors for Scalable Photonic and Mechanochromic Devices (Adv. Mater. 35/2026),https://advanced.onlinelibrary.wiley.com/doi/10.1002/adma.73704?af=R,2026-06-23 07:28:09 UTC,Wiley: Advanced Materials: Table of Contents,2026-06-23 07:28:09+00:00
Galvanic Replacement Synthesis Enabled by Gallium‐Based Liquid Metal: A Powerful Route for Material Design and Versatile Applications (Adv. Mater. 35/2026),https://advanced.onlinelibrary.wiley.com/doi/10.1002/adma.73705?af=R,2026-06-23 07:28:09 UTC,Wiley: Advanced Materials: Table of Contents,2026-06-23 07:28:09+00:00
A Design Strategy for Durable Anionic Redox via Fluorine‐Induced Electronic Structure Modulation in In Situ Formed Disordered Phases (Adv. Mater. 35/2026),https://advanced.onlinelibrary.wiley.com/doi/10.1002/adma.73706?af=R,2026-06-23 07:28:09 UTC,Wiley: Advanced Materials: Table of Contents,2026-06-23 07:28:09+00:00
A Morphology‐Driven Cascade Delivery of Antigens for Potent T Cell Immunity,https://advanced.onlinelibrary.wiley.com/doi/10.1002/adma.73396?af=R,2026-06-23 07:28:09 UTC,Wiley: Advanced Materials: Table of Contents,2026-06-23 07:28:09+00:00
Solid–Liquid Synergy Enables a Trisulfur‐Radical‐Rich Microenvironment for Accelerated Li–S Conversion Kinetics,https://advanced.onlinelibrary.wiley.com/doi/10.1002/adma.73407?af=R,2026-06-23 07:28:09 UTC,Wiley: Advanced Materials: Table of Contents,2026-06-23 07:28:09+00:00
Quasi‐Solid Iodine Electrode for High‐Areal‐Capacity Aqueous Iodine Batteries,https://advanced.onlinelibrary.wiley.com/doi/10.1002/adma.73408?af=R,2026-06-23 07:28:09 UTC,Wiley: Advanced Materials: Table of Contents,2026-06-23 07:28:09+00:00
High‐Yield Engineering and Identification of Oxygen‐Related Modified Divacancies in 4H‐SiC,https://advanced.onlinelibrary.wiley.com/doi/10.1002/adma.73419?af=R,2026-06-23 07:28:09 UTC,Wiley: Advanced Materials: Table of Contents,2026-06-23 07:28:09+00:00
Reconciling High‐κ and Wide‐Bandgap Dielectrics (TbOCl) with Intrinsic Stability in 2D Electronics,https://advanced.onlinelibrary.wiley.com/doi/10.1002/adma.73420?af=R,2026-06-23 07:28:09 UTC,Wiley: Advanced Materials: Table of Contents,2026-06-23 07:28:09+00:00
Spatially Strengthened Ion‐Dipole Electrolyte Enables High‐Temperature Anode‐Free Sodium Batteries,https://advanced.onlinelibrary.wiley.com/doi/10.1002/adma.73421?af=R,2026-06-23 07:28:09 UTC,Wiley: Advanced Materials: Table of Contents,2026-06-23 07:28:09+00:00
"Synergistic Geometric and Interfacial Regulation of Silane‐Modified Biomass Aerogels for Sustainable, Low‐Resistance Particulate Filtration",https://advanced.onlinelibrary.wiley.com/doi/10.1002/adma.73423?af=R,2026-06-23 07:28:09 UTC,Wiley: Advanced Materials: Table of Contents,2026-06-23 07:28:09+00:00
Super–Foldable Glass–Like Plastic,https://advanced.onlinelibrary.wiley.com/doi/10.1002/adma.73424?af=R,2026-06-23 07:28:09 UTC,Wiley: Advanced Materials: Table of Contents,2026-06-23 07:28:09+00:00
Glucose‐Oxidase Conjugated Cerium Oxide‐Based Super Nanozyme for Rapid MRSA Eradication and Wound Closure,https://advanced.onlinelibrary.wiley.com/doi/10.1002/adma.202520966?af=R,2026-06-23 07:28:09 UTC,Wiley: Advanced Materials: Table of Contents,2026-06-23 07:28:09+00:00
Methanol‐Ethanol Discrimination and Selective Sensing Enabled by Molecular Sieving in Conductive MOFs,https://advanced.onlinelibrary.wiley.com/doi/10.1002/adma.73406?af=R,2026-06-23 07:28:09 UTC,Wiley: Advanced Materials: Table of Contents,2026-06-23 07:28:09+00:00
"High‐Efficiency Organic Solar Cells Enabled by Siloxane‐Functionalized Pyrazine Terpolymers: Synergizing Performance, Morphology Control, and Non‐Halogenated Solvent Processability",https://advanced.onlinelibrary.wiley.com/doi/10.1002/adma.202522228?af=R,2026-06-23 07:28:09 UTC,Wiley: Advanced Materials: Table of Contents,2026-06-23 07:28:09+00:00
Iterative Synthesis of Pyrene–Coronene Molecular Graphene Nanoribbons,https://onlinelibrary.wiley.com/doi/10.1002/anie.6619000?af=R,2026-06-23 07:36:57 UTC,Wiley: Angewandte Chemie International Edition: Table of Contents,2026-06-23 07:36:57+00:00
Cooperative Redox Catalysis of N2O Decomposition by Short‐Range RhOx and CeOx Anchored to Co3O4,https://onlinelibrary.wiley.com/doi/10.1002/anie.7890563?af=R,2026-06-23 07:40:04 UTC,Wiley: Angewandte Chemie International Edition: Table of Contents,2026-06-23 07:40:04+00:00
"High‐Performance, Activation‐Free Magnesium‐Ion Batteries Enabled by Ionic Liquid Electrolyte Additive",https://onlinelibrary.wiley.com/doi/10.1002/anie.7580996?af=R,2026-06-23 07:40:16 UTC,Wiley: Angewandte Chemie International Edition: Table of Contents,2026-06-23 07:40:16+00:00
Fundamental Understanding of Oxidative Stability in Fluorinated Asymmetric Ethers for Li Batteries,https://onlinelibrary.wiley.com/doi/10.1002/anie.3143736?af=R,2026-06-23 07:43:38 UTC,Wiley: Angewandte Chemie International Edition: Table of Contents,2026-06-23 07:43:38+00:00
"Capac, Eos unveil 22 MWh German zinc-bromine BESS, sign 2 GWh deal",https://www.ess-news.com/2026/06/23/capac-eos-unveil-22-mwh-german-zinc-bromine-bess-sign-2-gwh-deal/,2026-06-23 07:45:00 UTC,Latest news about ESS Projects & Applications | ESS News,2026-06-23 07:45:00+00:00
41% Of Onsite Data Centers Forecast CCUS Integration By 2035,https://carbonherald.com/41-of-onsite-data-centers-forecast-ccus-integration-by-2035/?utm_source=rss&utm_medium=rss&utm_campaign=41-of-onsite-data-centers-forecast-ccus-integration-by-2035,2026-06-23 07:45:38 UTC,Carbon Herald,2026-06-23 07:45:38+00:00
A Platinum(IV) Metallo‐Stapling Approach to Tumor‐Specific Prodrugs for Targeted Chemo‐Immunometabolic Cancer Therapy,https://onlinelibrary.wiley.com/doi/10.1002/anie.8875420?af=R,2026-06-23 07:46:33 UTC,Wiley: Angewandte Chemie International Edition: Table of Contents,2026-06-23 07:46:33+00:00
Bifluorinated Motif‐Tailored Hybrid Membranes for Ultra‐Permeable CO2 Separation From Air Under High Humidity,https://onlinelibrary.wiley.com/doi/10.1002/anie.9402364?af=R,2026-06-23 07:49:36 UTC,Wiley: Angewandte Chemie International Edition: Table of Contents,2026-06-23 07:49:36+00:00
Bimetallic‐Node‐Occupied MOF With Glycoside Hydrolase Activity for Efficient Bacterial Biofilm Hydrolysis,https://onlinelibrary.wiley.com/doi/10.1002/anie.9481237?af=R,2026-06-23 07:49:39 UTC,Wiley: Angewandte Chemie International Edition: Table of Contents,2026-06-23 07:49:39+00:00
Transient Boryl Assistance Enables Stereoselective Alkylation of Acyclic Tetrasubstituted Enolates,https://onlinelibrary.wiley.com/doi/10.1002/anie.2461107?af=R,2026-06-23 07:52:15 UTC,Wiley: Angewandte Chemie International Edition: Table of Contents,2026-06-23 07:52:15+00:00
Correction to “Poly(2‐Oxazoline)‐Based Functional Peptide Mimics: Eradicating MRSA Infections and Persisters While Alleviating Antimicrobial Resistance”,https://onlinelibrary.wiley.com/doi/10.1002/anie.2444098?af=R,2026-06-23 07:53:10 UTC,Wiley: Angewandte Chemie International Edition: Table of Contents,2026-06-23 07:53:10+00:00
Highly Emissive Double π‐Helical Molecular Carbons via Nitrogen Integration,https://onlinelibrary.wiley.com/doi/10.1002/anie.6341370?af=R,2026-06-23 07:55:41 UTC,Wiley: Angewandte Chemie International Edition: Table of Contents,2026-06-23 07:55:41+00:00
"Chemical Synthesis and Immunological Evaluation of Escherichia coli O29, Shigella dysenteriae Serotype 11, and Proteus vulgaris O12 O‐Antigen Oligosaccharides",https://onlinelibrary.wiley.com/doi/10.1002/anie.5838072?af=R,2026-06-23 07:58:29 UTC,Wiley: Angewandte Chemie International Edition: Table of Contents,2026-06-23 07:58:29+00:00
Tailoring Interfaces With Poly(Ionic Liquid)‐Grafted Porous Hybrid Molecular Brushes in Quasi‐Solid‐State Composite Electrolytes Enables Ultrahigh‐Rate and High‐Voltage Lithium Metal Batteries,https://onlinelibrary.wiley.com/doi/10.1002/anie.1940410?af=R,2026-06-23 08:03:31 UTC,Wiley: Angewandte Chemie International Edition: Table of Contents,2026-06-23 08:03:31+00:00
"Regulating the Adsorption Configuration of Intermediates to Construct C─N Bonds From CO2 for High‐Efficiency N,N‐Dimethylformamide Electrosynthesis",https://onlinelibrary.wiley.com/doi/10.1002/anie.4379815?af=R,2026-06-23 08:03:35 UTC,Wiley: Angewandte Chemie International Edition: Table of Contents,2026-06-23 08:03:35+00:00
High‐Throughput Virtual Screening of Small Molecule Quenchers for Near‐Infrared Fluorophores,https://onlinelibrary.wiley.com/doi/10.1002/anie.9617434?af=R,2026-06-23 08:03:38 UTC,Wiley: Angewandte Chemie International Edition: Table of Contents,2026-06-23 08:03:38+00:00
Transition Metal‐Free Borata‐Alkene/Alkyne Metathesis Enables Access to Cyclopentenes,https://onlinelibrary.wiley.com/doi/10.1002/anie.5554467?af=R,2026-06-23 08:03:42 UTC,Wiley: Angewandte Chemie International Edition: Table of Contents,2026-06-23 08:03:42+00:00
Rational Molecular Design of a Multi‐Electron Organic Anode via Rapid Microwave Synthesis for Ultrastable NH4+ Storage,https://onlinelibrary.wiley.com/doi/10.1002/anie.1957487?af=R,2026-06-23 08:07:25 UTC,Wiley: Angewandte Chemie International Edition: Table of Contents,2026-06-23 08:07:25+00:00
Silver Cluster‐Mediated Polyoxotantalate 1D Molecular Heterostructure Toward Ultra‐Low‐Loss Active Optical Waveguides and Information Coding,https://onlinelibrary.wiley.com/doi/10.1002/anie.8106772?af=R,2026-06-23 08:11:08 UTC,Wiley: Angewandte Chemie International Edition: Table of Contents,2026-06-23 08:11:08+00:00
Crystalline Small Molecule‐Polymer Superlattice for Spatially Isolated Tetrathiafulvalene Spin Qubit Arrays,https://onlinelibrary.wiley.com/doi/10.1002/anie.7183450?af=R,2026-06-23 08:12:09 UTC,Wiley: Angewandte Chemie International Edition: Table of Contents,2026-06-23 08:12:09+00:00
Fibers and Double‐Layered Tubes Formed From a Single Self‐Complementary DNA Oligonucleotide,https://onlinelibrary.wiley.com/doi/10.1002/anie.6741643?af=R,2026-06-23 08:16:22 UTC,Wiley: Angewandte Chemie International Edition: Table of Contents,2026-06-23 08:16:22+00:00
Cobalt‐Catalyzed Radical Ligand Transfer (RLT) Enables Remote‐Markovnikov Hydroamination of Alkenes,https://onlinelibrary.wiley.com/doi/10.1002/anie.8746225?af=R,2026-06-23 08:18:20 UTC,Wiley: Angewandte Chemie International Edition: Table of Contents,2026-06-23 08:18:20+00:00
A Superhydrophobic Nanotrap Porous Organic Cage for Efficient Capture of SF6 Under Dry and Humid Conditions,https://onlinelibrary.wiley.com/doi/10.1002/anie.2904451?af=R,2026-06-23 08:20:14 UTC,Wiley: Angewandte Chemie International Edition: Table of Contents,2026-06-23 08:20:14+00:00
The Mobility House Energy surpasses 1 GW of battery storage under management,https://www.ess-news.com/2026/06/23/the-mobility-house-energy-surpasses-1-gw-of-battery-storage-under-management/,2026-06-23 08:30:00 UTC,Latest news about ESS Projects & Applications | ESS News,2026-06-23 08:30:00+00:00
Elephant alert! AI warning systems aim to avoid deadly clashes,https://www.technologyreview.com/2026/06/23/1138562/elephant-alert-ai-warning-systems-avoid-deadly-clashes-india/,2026-06-23 09:00:00 UTC,Climate change and energy – MIT Technology Review,2026-06-23 09:00:00+00:00
Air‐Stable Luminescent Schlenk Diradical With Triplet Ground State,https://onlinelibrary.wiley.com/doi/10.1002/anie.2802162?af=R,2026-06-23 09:42:22 UTC,Wiley: Angewandte Chemie International Edition: Table of Contents,2026-06-23 09:42:22+00:00
Spider which uses spring trap to capture prey discovered in Australia,https://www.bbc.co.uk/news/articles/c70y138y995o?at_medium=RSS&at_campaign=rss,2026-06-23 10:05:53 UTC,BBC News,2026-06-23 10:05:53+00:00
Single‐Molecule Memristor Realizing Synaptic Plasticity for Neuromorphic Applications,https://onlinelibrary.wiley.com/doi/10.1002/anie.6931490?af=R,2026-06-23 10:21:19 UTC,Wiley: Angewandte Chemie International Edition: Table of Contents,2026-06-23 10:21:19+00:00
"Petrobras, BNDES Pick Three Firms To Supply 5M Amazon Carbon Credits",https://carbonherald.com/petrobras-bndes-pick-three-firms-to-supply-5m-amazon-carbon-credits/?utm_source=rss&utm_medium=rss&utm_campaign=petrobras-bndes-pick-three-firms-to-supply-5m-amazon-carbon-credits,2026-06-23 10:27:28 UTC,Carbon Herald,2026-06-23 10:27:28+00:00
Moonwatt showcases sodium-ion storage solutions for utility-scale applications,https://www.ess-news.com/2026/06/23/moonwatt-showcases-sodium-ion-storage-solutions-for-utility-scale-applications/,2026-06-23 10:30:00 UTC,Latest news about ESS Projects & Applications | ESS News,2026-06-23 10:30:00+00:00
Hina and FAW conclude long-term test of sodium-ion electric truck battery,https://www.electrive.com/2026/06/23/hina-and-faw-conclude-long-term-test-of-sodium-ion-electric-truck-battery/,2026-06-23 10:45:58 UTC,Battery – electrive.com,2026-06-23 10:45:58+00:00
"How AI, $1 billion, and a transparent fish could transform neuroscience",https://www.science.org/content/article/how-ai-1-billion-and-transparent-fish-could-transform-neuroscience,2026-06-23 10:50:00 UTC,Latest News from Science Magazine,2026-06-23 10:50:00+00:00
Red squirrel sickness reports under investigation,https://www.bbc.co.uk/news/articles/cy8wj842753o?at_medium=RSS&at_campaign=rss,2026-06-23 10:52:41 UTC,BBC News,2026-06-23 10:52:41+00:00
Puro.earth’s Enhanced Rock Weathering Methodology Now Approved By Frontier,https://carbonherald.com/puro-earths-enhanced-rock-weathering-methodology-now-approved-by-frontier/?utm_source=rss&utm_medium=rss&utm_campaign=puro-earths-enhanced-rock-weathering-methodology-now-approved-by-frontier,2026-06-23 11:02:47 UTC,Carbon Herald,2026-06-23 11:02:47+00:00
CATL sources battery components from China instead of Debrecen,https://www.electrive.com/2026/06/23/catl-sources-battery-components-from-china-instead-of-debrecen/,2026-06-23 11:30:00 UTC,Battery – electrive.com,2026-06-23 11:30:00+00:00
A different kind of volatility: battery revenues stay strong,https://www.ess-news.com/2026/06/23/a-different-kind-of-volatility-battery-revenues-stay-strong/,2026-06-23 11:39:10 UTC,Latest news about ESS Projects & Applications | ESS News,2026-06-23 11:39:10+00:00
"“The SAF Tipping Point Is Coming In 10-15 Years,” – Trevor Best, Syzygy Plasmonics CEO",https://carbonherald.com/the-saf-tipping-point-is-coming-in-10-15-years-trevor-best-syzygy-plasmonics-ceo/?utm_source=rss&utm_medium=rss&utm_campaign=the-saf-tipping-point-is-coming-in-10-15-years-trevor-best-syzygy-plasmonics-ceo,2026-06-23 12:16:13 UTC,Carbon Herald,2026-06-23 12:16:13+00:00
Terraxy To Scale Soil Regeneration Tech With New $3M From Aramco’s Wa’ed Ventures & KAUST,https://carbonherald.com/terraxy-to-scale-soil-regeneration-tech-with-new-3m-from-aramcos-waed-ventures-kaust/?utm_source=rss&utm_medium=rss&utm_campaign=terraxy-to-scale-soil-regeneration-tech-with-new-3m-from-aramcos-waed-ventures-kaust,2026-06-23 12:45:31 UTC,Carbon Herald,2026-06-23 12:45:31+00:00
From cool-down spots to chalk on windows - how Europe is coping with the heat,https://www.bbc.co.uk/news/articles/cz0j87vpz79o?at_medium=RSS&at_campaign=rss,2026-06-23 14:19:21 UTC,BBC News,2026-06-23 14:19:21+00:00
π‐Extended COUPY Fluorophores for Targeted Near‐Infrared Fluorescence and Lifetime Imaging in Live Cells,https://onlinelibrary.wiley.com/doi/10.1002/anie.9647759?af=R,2026-06-23 14:40:00 UTC,Wiley: Angewandte Chemie International Edition: Table of Contents,2026-06-23 14:40:00+00:00
Drowning deaths soar in France as Europe buckles in peak of heatwave,https://www.bbc.co.uk/news/articles/c79yvw3j114o?at_medium=RSS&at_campaign=rss,2026-06-23 16:27:17 UTC,BBC News,2026-06-23 16:27:17+00:00
Unravelling the Formation and Evolution Mechanism of Solid Electrolyte Interphase Toward Stable and Rapid Sodium Storage,https://advanced.onlinelibrary.wiley.com/doi/10.1002/adma.73726?af=R,2026-06-23 16:32:46 UTC,Wiley: Advanced Materials: Table of Contents,2026-06-23 16:32:46+00:00
Unlocking High Dielectric Tunability and Exceptional Electrocaloric Performance via Growth‐Driven Domain Dynamics,https://advanced.onlinelibrary.wiley.com/doi/10.1002/adma.73824?af=R,2026-06-23 16:34:03 UTC,Wiley: Advanced Materials: Table of Contents,2026-06-23 16:34:03+00:00
Competitive Solvation‐Driven Interface Stabilization for Protic Deep Eutectic Solid Electrolyte in Sodium‐Metal Batteries,https://advanced.onlinelibrary.wiley.com/doi/10.1002/adma.73790?af=R,2026-06-23 16:35:13 UTC,Wiley: Advanced Materials: Table of Contents,2026-06-23 16:35:13+00:00
Coordination‐Induced Dispersion of Covalent Organic Frameworks for Organic Solar Cells With 21.03% Efficiency,https://advanced.onlinelibrary.wiley.com/doi/10.1002/adma.73825?af=R,2026-06-23 16:37:09 UTC,Wiley: Advanced Materials: Table of Contents,2026-06-23 16:37:09+00:00
Processing Insulating CaTiO3 into a High‐performance Photothermoelectric Material,https://advanced.onlinelibrary.wiley.com/doi/10.1002/adma.73774?af=R,2026-06-23 16:37:44 UTC,Wiley: Advanced Materials: Table of Contents,2026-06-23 16:37:44+00:00
On‐Water Surface Synthesis of 2D Conjugated Metal–Organic Framework Films With Controllable Layer Orientation Enabling High‐Performance Chemiresistive Sensing,https://advanced.onlinelibrary.wiley.com/doi/10.1002/adma.73785?af=R,2026-06-23 16:38:22 UTC,Wiley: Advanced Materials: Table of Contents,2026-06-23 16:38:22+00:00
Spontaneous Symmetry Breaking via Metal‐Triggered Surface Defect Engineering for Durable Piezocatalytic Hydrogen Evolution,https://advanced.onlinelibrary.wiley.com/doi/10.1002/adma.73832?af=R,2026-06-23 16:40:55 UTC,Wiley: Advanced Materials: Table of Contents,2026-06-23 16:40:55+00:00
Ion Permeation in Zwitterionic Hydrogel for Stable Solar Desalination and Power Generation,https://advanced.onlinelibrary.wiley.com/doi/10.1002/adma.73816?af=R,2026-06-23 16:41:31 UTC,Wiley: Advanced Materials: Table of Contents,2026-06-23 16:41:31+00:00
Precursor Coordination Engineering Enables Epitaxial‐Level Carrier Densities in HgTe Colloidal Quantum Dots,https://advanced.onlinelibrary.wiley.com/doi/10.1002/adma.73741?af=R,2026-06-23 16:44:21 UTC,Wiley: Advanced Materials: Table of Contents,2026-06-23 16:44:21+00:00
Unveiling the Key to Spent LiFePO4 Regeneration: Formation and Action of Carbon Dots,https://advanced.onlinelibrary.wiley.com/doi/10.1002/adma.73827?af=R,2026-06-23 16:45:01 UTC,Wiley: Advanced Materials: Table of Contents,2026-06-23 16:45:01+00:00
Nonlocal Metaspire: A Scalable Elastic Material Platform With Decoupled Mechanical Modes,https://advanced.onlinelibrary.wiley.com/doi/10.1002/adma.73822?af=R,2026-06-23 16:45:44 UTC,Wiley: Advanced Materials: Table of Contents,2026-06-23 16:45:44+00:00
"Macrophages Intracellularly Gelated With Bioactive Hydrogels for Synergistic Neutralization, Eradication, and Osteopromotion in Periodontitis Treatment",https://advanced.onlinelibrary.wiley.com/doi/10.1002/adma.202519288?af=R,2026-06-23 16:47:17 UTC,Wiley: Advanced Materials: Table of Contents,2026-06-23 16:47:17+00:00
A Nano‐Isolation Strategy for Tumor‐Activatable Photodynamic Therapy via Aggregation‐Gated Type I Photosensitizers,https://advanced.onlinelibrary.wiley.com/doi/10.1002/adma.73771?af=R,2026-06-23 16:49:02 UTC,Wiley: Advanced Materials: Table of Contents,2026-06-23 16:49:02+00:00
Thermo‐Responsive Living Microspheroids Enable a Regenerative Living Disk–Drive System for DNA Data Storage,https://advanced.onlinelibrary.wiley.com/doi/10.1002/adma.73806?af=R,2026-06-23 16:49:47 UTC,Wiley: Advanced Materials: Table of Contents,2026-06-23 16:49:47+00:00
Electron‐Enriched Ru Nanoclusters Mediating Surface Reconstruction of Phosphide Catalysts for Efficient Water Electrolysis,https://advanced.onlinelibrary.wiley.com/doi/10.1002/adma.73792?af=R,2026-06-23 16:52:01 UTC,Wiley: Advanced Materials: Table of Contents,2026-06-23 16:52:01+00:00
Simultaneous Ultrahigh Energy Density and High Efficiency Achieved in Dipole‐Glass Polyimide Dielectrics,https://advanced.onlinelibrary.wiley.com/doi/10.1002/adma.73808?af=R,2026-06-23 16:53:48 UTC,Wiley: Advanced Materials: Table of Contents,2026-06-23 16:53:48+00:00
Scalable Production of Motion‐Enabled Self‐Charging Power Textiles with Highly Durable Zinc‐Ion Fiber Batteries,https://advanced.onlinelibrary.wiley.com/doi/10.1002/adma.73836?af=R,2026-06-23 16:53:51 UTC,Wiley: Advanced Materials: Table of Contents,2026-06-23 16:53:51+00:00
Low‐Temperature Visual Mechanical Sensing via Uniaxial Compression of Blue Phase Liquid Crystal Elastomer,https://advanced.onlinelibrary.wiley.com/doi/10.1002/adma.73781?af=R,2026-06-23 16:56:42 UTC,Wiley: Advanced Materials: Table of Contents,2026-06-23 16:56:42+00:00
Scalable Cr(III) Passivation Engineering for Effectively Suppressing Zinc Escape Toward Practical Ah‐Level Aqueous Zinc‐Ion Batteries,https://advanced.onlinelibrary.wiley.com/doi/10.1002/adma.73814?af=R,2026-06-23 17:01:25 UTC,Wiley: Advanced Materials: Table of Contents,2026-06-23 17:01:25+00:00
Nocturnal Intraocular Pressure Monitoring With a Soft Contact Lens Sensor for Glaucoma Management,https://advanced.onlinelibrary.wiley.com/doi/10.1002/adma.73813?af=R,2026-06-23 17:03:35 UTC,Wiley: Advanced Materials: Table of Contents,2026-06-23 17:03:35+00:00
Mechanically Robust Ceramic Aerogels for Radiative Cooling and Thermal Insulation,https://advanced.onlinelibrary.wiley.com/doi/10.1002/adma.73810?af=R,2026-06-23 17:07:25 UTC,Wiley: Advanced Materials: Table of Contents,2026-06-23 17:07:25+00:00
Site‐Specific Carbazole‐Bridged Isomeric Guests Enable Organic Solar Cells with 21.10% Efficiency and Reduced Non‐Radiative Recombination,https://advanced.onlinelibrary.wiley.com/doi/10.1002/adma.73788?af=R,2026-06-23 17:08:01 UTC,Wiley: Advanced Materials: Table of Contents,2026-06-23 17:08:01+00:00
Machine Learning Driven Design of Polymer Dielectrics for High Temperature Capacitive Energy Storage,http://pubs.rsc.org/en/Content/ArticleLanding/2026/EE/D6EE01953F,2026-06-23 23:00:00 UTC,RSC - Energy Environ. Sci. latest articles,2026-06-23 23:00:00+00:00
Strong electron push–pull effect and low transition barrier boosting non-metallic COFs photoelectrode for ultrahigh-rate photo-assisted Li–air batteries,http://pubs.rsc.org/en/Content/ArticleLanding/2026/EE/D6EE01403H,2026-06-23 23:00:00 UTC,RSC - Energy Environ. Sci. latest articles,2026-06-23 23:00:00+00:00
Selective carbon–carbon bond cleavage involving alkene moieties,http://pubs.rsc.org/en/Content/ArticleLanding/2026/CS/D5CS01173F,2026-06-23 23:00:00 UTC,RSC - Chem. Soc. Rev. latest articles,2026-06-23 23:00:00+00:00
The UK's summers are getting hotter - but how prepared are we?,https://www.bbc.co.uk/news/articles/c9d2xl3555xo?at_medium=RSS&at_campaign=rss,2026-06-23 23:46:03 UTC,BBC News,2026-06-23 23:46:03+00:00
Tetraboron MR framework with ortho-B-π-B pattern enables high-efficiency yellow narrowband OLEDs,https://academic.oup.com/nsr/advance-article/doi/10.1093/nsr/nwag389/8715830?rss=1,2026-06-24 00:00:00 UTC,National Science Review Advance Access,2026-06-24 00:00:00+00:00
High-Frequency Magnetohydrodynamic Waves with Substantial Energy in the Solar Polar Corona,https://academic.oup.com/nsr/advance-article/doi/10.1093/nsr/nwag370/8715831?rss=1,2026-06-24 00:00:00 UTC,National Science Review Advance Access,2026-06-24 00:00:00+00:00
Two-dimensional materials need a shared experimental memory,https://www.nature.com/articles/s41578-026-00938-y,2026-06-24 00:00:00 UTC,Nature Reviews Materials,2026-06-24 00:00:00+00:00
Giant and broadband circular dichroism from particle–hole symmetry breaking in Weyl semimetals,https://www.nature.com/articles/s41563-026-02630-6,2026-06-24 00:00:00 UTC,Nature Materials,2026-06-24 00:00:00+00:00
Lattice distortion activates deformation twinning in ultrastrong steel,https://www.nature.com/articles/s41563-026-02642-2,2026-06-24 00:00:00 UTC,Nature Materials,2026-06-24 00:00:00+00:00
Coherent 2D/3D van der Waals epitaxy enables single-crystal perovskite heterostructures,https://www.nature.com/articles/s41565-026-02202-4,2026-06-24 00:00:00 UTC,Nature Nanotechnology,2026-06-24 00:00:00+00:00
Environmental Effectiveness of the National Action Plan to Contain Antimicrobial Resistance: Evidence from Chinese Soil,https://academic.oup.com/nsr/advance-article/doi/10.1093/nsr/nwag387/8715832?rss=1,2026-06-24 00:00:00 UTC,National Science Review Advance Access,2026-06-24 00:00:00+00:00
Interacting causes of mini-grid failure,https://www.nature.com/articles/s41560-026-02100-y,2026-06-24 00:00:00 UTC,Nature Energy,2026-06-24 00:00:00+00:00
Open-air perovskite fabrication,https://www.nature.com/articles/s41560-026-02099-2,2026-06-24 00:00:00 UTC,Nature Energy,2026-06-24 00:00:00+00:00
Retraction Note: Carbon nano-onion-mediated dual targeting of P-selectin and P-glycoprotein to overcome cancer drug resistance,https://www.nature.com/articles/s41467-026-74646-0,2026-06-24 00:00:00 UTC,Nature Communications,2026-06-24 00:00:00+00:00
Effect of interstitial alkyl chain engineering of anion exchange membrane for improved CO2 electrolyzer,https://www.cell.com/joule/fulltext/S2542-4351(26)00218-7?rss=yes,2026-06-24 00:00:00 UTC,Joule,2026-06-24 00:00:00+00:00
Accelerated aging replicates spatially non-uniform degradation modes observed in outdoor-aged perovskite solar cells,https://www.cell.com/joule/fulltext/S2542-4351(26)00222-9?rss=yes,2026-06-24 00:00:00 UTC,Joule,2026-06-24 00:00:00+00:00
Intrinsically nonlocal metamaterials,https://www.nature.com/articles/s41467-026-74396-z,2026-06-24 00:00:00 UTC,Nature Communications,2026-06-24 00:00:00+00:00
MIND: multimodal integration with neighbourhood-aware distributions,https://www.nature.com/articles/s41467-026-74413-1,2026-06-24 00:00:00 UTC,Nature Communications,2026-06-24 00:00:00+00:00
Author Correction: Sub-technology market share strongly affects critical material constraints in power system transitions,https://www.nature.com/articles/s41467-026-74802-6,2026-06-24 00:00:00 UTC,Nature Communications,2026-06-24 00:00:00+00:00
Resource consumption in global concrete production,https://www.nature.com/articles/s41893-026-01858-z,2026-06-24 00:00:00 UTC,Nature Sustainability,2026-06-24 00:00:00+00:00
Flowing zinc slurry for long-duration energy storage,https://www.nature.com/articles/s41560-026-02091-w,2026-06-24 00:00:00 UTC,Nature Energy,2026-06-24 00:00:00+00:00
Transforming optical fibers from passive transmitters to multimodal sensory platforms,https://academic.oup.com/nsr/advance-article/doi/10.1093/nsr/nwag386/8715829?rss=1,2026-06-24 00:00:00 UTC,National Science Review Advance Access,2026-06-24 00:00:00+00:00
Quantifying X-ray damage,https://www.nature.com/articles/s41560-026-02098-3,2026-06-24 00:00:00 UTC,Nature Energy,2026-06-24 00:00:00+00:00
"After menopause, ovaries may transform into organs with immune powers",https://www.science.org/content/article/after-menopause-ovaries-may-transform-organs-immune-powers,2026-06-24 01:20:00 UTC,Latest News from Science Magazine,2026-06-24 01:20:00+00:00
Medical students are using a popular research tool to pump out misleading studies,https://www.science.org/content/article/medical-students-are-using-popular-research-tool-pump-out-misleading-studies,2026-06-24 01:30:00 UTC,Latest News from Science Magazine,2026-06-24 01:30:00+00:00
Migrating sea turtles only sort of know where they’re going,https://www.science.org/content/article/migrating-sea-turtles-only-sort-know-where-they-re-going,2026-06-24 02:00:00 UTC,Latest News from Science Magazine,2026-06-24 02:00:00+00:00
Hundreds of schools plan closures ahead of red heat alerts,https://www.bbc.co.uk/news/articles/cwyl940y94xo?at_medium=RSS&at_campaign=rss,2026-06-24 02:26:39 UTC,BBC News,2026-06-24 02:26:39+00:00
BloombergNEF Turkey Transition Factbook 2026: Clean Power Growth Positions Turkey for the Next Phase of Its Energy Transition,https://about.bnef.com/insights/clean-energy/bloombergnef-turkey-transition-factbook-2026-clean-power-growth-positions-turkey-for-the-next-phase-of-its-energy-transition/,2026-06-24 03:01:12 UTC,Press release Archives | BloombergNEF,2026-06-24 03:01:12+00:00
"The universe is unexpectedly stringy, which could unravel the theory of the cosmos",https://www.science.org/content/article/universe-unexpectedly-stringy-which-could-unravel-theory-cosmos,2026-06-24 04:15:00 UTC,Latest News from Science Magazine,2026-06-24 04:15:00+00:00
"Kinetic Analysis of Transmetalation at Prototypical Nickel(II) Catalyst Species: Rates, Mechanisms, and Implications for Catalysis",https://onlinelibrary.wiley.com/doi/10.1002/anie.2885584?af=R,2026-06-24 04:55:38 UTC,Wiley: Angewandte Chemie International Edition: Table of Contents,2026-06-24 04:55:38+00:00
Pulsed Design Enables Ammonia Electrosynthesis From Dilute Nitrate in Real Wastewater,https://onlinelibrary.wiley.com/doi/10.1002/anie.9630862?af=R,2026-06-24 04:56:41 UTC,Wiley: Angewandte Chemie International Edition: Table of Contents,2026-06-24 04:56:41+00:00
"Photo‐Triggered, Fast, and Fluorogenic Thiophene‐Based Cycloalkynes for the Bioorthogonal Fluorescent Labeling of 1,3‐Dipole‐Tagged Molecules in No‐Wash Conditions",https://onlinelibrary.wiley.com/doi/10.1002/anie.1383575?af=R,2026-06-24 05:01:04 UTC,Wiley: Angewandte Chemie International Edition: Table of Contents,2026-06-24 05:01:04+00:00
Correction to “Imaging‐Based High‐Content Screening With Clickable Probes Identifies XPB Inhibitors”,https://onlinelibrary.wiley.com/doi/10.1002/anie.4417946?af=R,2026-06-24 05:04:51 UTC,Wiley: Angewandte Chemie International Edition: Table of Contents,2026-06-24 05:04:51+00:00
Survey finds 'significantly more' ancient woodland,https://www.bbc.co.uk/news/articles/c7vyn013j79o?at_medium=RSS&at_campaign=rss,2026-06-24 05:17:44 UTC,BBC News,2026-06-24 05:17:44+00:00
"Environmental plan is largely off track, warns watchdog",https://www.bbc.co.uk/news/articles/cqj1e0zqvyxo?at_medium=RSS&at_campaign=rss,2026-06-24 05:24:47 UTC,BBC News,2026-06-24 05:24:47+00:00
"NatPower, Tesla agree to deploy more than 25 GWh of BESS in Europe",https://www.ess-news.com/2026/06/24/natpower-tesla-agree-to-deploy-more-than-25-gwh-of-bess-in-europe/,2026-06-24 07:00:00 UTC,Latest news about ESS Projects & Applications | ESS News,2026-06-24 07:00:00+00:00
Multihydrogen-bond-bridged composite solid electrolytes enabling continuous Li+ pathways for stable solid-state lithium batteries,https://www.science.org/doi/abs/10.1126/sciadv.aed5972?af=R,2026-06-24 07:00:00 UTC,AAAS: Science Advances: Table of Contents,2026-06-24 07:00:00+00:00
Clearing the noise to predict the rhythm of the North Atlantic climate,https://www.science.org/doi/abs/10.1126/sciadv.aed8616?af=R,2026-06-24 07:00:00 UTC,AAAS: Science Advances: Table of Contents,2026-06-24 07:00:00+00:00
Long-stranded XNA-cssDNA hybrids for robust data storage,https://www.science.org/doi/abs/10.1126/sciadv.aed2917?af=R,2026-06-24 07:00:00 UTC,AAAS: Science Advances: Table of Contents,2026-06-24 07:00:00+00:00
Dynamic neutrophil lipidome remodeling during induction of NETosis,https://www.science.org/doi/abs/10.1126/sciadv.aec9891?af=R,2026-06-24 07:00:00 UTC,AAAS: Science Advances: Table of Contents,2026-06-24 07:00:00+00:00
Co-option and innovation in neural crest evolution,https://www.science.org/doi/abs/10.1126/sciadv.aed9037?af=R,2026-06-24 07:00:00 UTC,AAAS: Science Advances: Table of Contents,2026-06-24 07:00:00+00:00
Harnessing skin-resident γδ T cells for immunotherapy in cutaneous squamous cell carcinoma,https://www.science.org/doi/abs/10.1126/sciadv.aec7215?af=R,2026-06-24 07:00:00 UTC,AAAS: Science Advances: Table of Contents,2026-06-24 07:00:00+00:00
Common human ALDH1B1 and ALDH2 variants increase neuroinflammatory response to a single ethanol dose in mice,https://www.science.org/doi/abs/10.1126/sciadv.aec6309?af=R,2026-06-24 07:00:00 UTC,AAAS: Science Advances: Table of Contents,2026-06-24 07:00:00+00:00
What triggers seismicity thousands of kilometers away from a mainshock?,https://www.science.org/doi/abs/10.1126/sciadv.aec4754?af=R,2026-06-24 07:00:00 UTC,AAAS: Science Advances: Table of Contents,2026-06-24 07:00:00+00:00
Light-based footprinting of a eukaryotic genome,https://www.science.org/doi/abs/10.1126/sciadv.aec0059?af=R,2026-06-24 07:00:00 UTC,AAAS: Science Advances: Table of Contents,2026-06-24 07:00:00+00:00
Asymmetric Ru─O sites in self-activated catalysts for efficient electrochemical methanol oxidation and industrial-scale hydrogen generation,https://www.science.org/doi/abs/10.1126/sciadv.aeb1299?af=R,2026-06-24 07:00:00 UTC,AAAS: Science Advances: Table of Contents,2026-06-24 07:00:00+00:00
Distinct projections of PVN oxytocin neurons regulate the divergent defensive behaviors in response to social threat,https://www.science.org/doi/abs/10.1126/sciadv.aeb0400?af=R,2026-06-24 07:00:00 UTC,AAAS: Science Advances: Table of Contents,2026-06-24 07:00:00+00:00
Fair Workweek laws in the US: An appraisal of intended and unintended consequences,https://www.science.org/doi/abs/10.1126/sciadv.aea8632?af=R,2026-06-24 07:00:00 UTC,AAAS: Science Advances: Table of Contents,2026-06-24 07:00:00+00:00
"Spatial transcriptomics uncovers the hybrid molecular identity, ciliated phenotype, and immune signature of adenomyosis lesions",https://www.science.org/doi/abs/10.1126/sciadv.aea6379?af=R,2026-06-24 07:00:00 UTC,AAAS: Science Advances: Table of Contents,2026-06-24 07:00:00+00:00
Isoform-specific steric zippers drive aberrant assembly and mislocalization of shortened TDP-43,https://www.science.org/doi/abs/10.1126/sciadv.ady0256?af=R,2026-06-24 07:00:00 UTC,AAAS: Science Advances: Table of Contents,2026-06-24 07:00:00+00:00
Coordinated hand movement sensation revealed through an implanted magnetic prosthetic kinesthetic interface,https://www.science.org/doi/abs/10.1126/sciadv.adx5046?af=R,2026-06-24 07:00:00 UTC,AAAS: Science Advances: Table of Contents,2026-06-24 07:00:00+00:00
"Spatially distributed complex organic matter detected in an ancient river valley in Jezero crater, Mars",https://www.science.org/doi/abs/10.1126/sciadv.adx0047?af=R,2026-06-24 07:00:00 UTC,AAAS: Science Advances: Table of Contents,2026-06-24 07:00:00+00:00
The wisdom of crowds emerges in flocks of thousands of migrating songbirds,https://www.science.org/doi/abs/10.1126/sciadv.aef3512?af=R,2026-06-24 07:00:00 UTC,AAAS: Science Advances: Table of Contents,2026-06-24 07:00:00+00:00
Brassinosteroid signaling regulates shoot apical meristem homeostasis via orchestrating cytokinin and WUSCHEL activity,https://www.science.org/doi/abs/10.1126/sciadv.aed5120?af=R,2026-06-24 07:00:00 UTC,AAAS: Science Advances: Table of Contents,2026-06-24 07:00:00+00:00
Pseudomonads associated to salt-stressed plants facilitate stress adaption of soybean through enhanced lignin biosynthesis,https://www.science.org/doi/abs/10.1126/sciadv.aed8447?af=R,2026-06-24 07:00:00 UTC,AAAS: Science Advances: Table of Contents,2026-06-24 07:00:00+00:00
AI-driven tripartite classification for optimizing wearable bioelectronics in depression management,https://www.science.org/doi/abs/10.1126/sciadv.aec9837?af=R,2026-06-24 07:00:00 UTC,AAAS: Science Advances: Table of Contents,2026-06-24 07:00:00+00:00
An OsGLK1/2-DGP1/2/3 feedback module regulates rice photosynthesis and yield,https://www.science.org/doi/abs/10.1126/sciadv.aef5234?af=R,2026-06-24 07:00:00 UTC,AAAS: Science Advances: Table of Contents,2026-06-24 07:00:00+00:00
How reactive is water at the nanoscale and how to control it?,https://www.science.org/doi/abs/10.1126/sciadv.aeb5772?af=R,2026-06-24 07:00:00 UTC,AAAS: Science Advances: Table of Contents,2026-06-24 07:00:00+00:00
Realization of room-temperature magnetism and multistep magnetization switching in 2D metallic ferrimagnets,https://www.science.org/doi/abs/10.1126/sciadv.aee0391?af=R,2026-06-24 07:00:00 UTC,AAAS: Science Advances: Table of Contents,2026-06-24 07:00:00+00:00
Decoding skeletal diversity and complexity: A biomimetic and photochemical remodeling strategy,https://www.science.org/doi/abs/10.1126/sciadv.aeh0883?af=R,2026-06-24 07:00:00 UTC,AAAS: Science Advances: Table of Contents,2026-06-24 07:00:00+00:00
"A battery-free wireless intelligent aligner for spatially resolved, closed-loop theranostics of chronic oral diseases",https://www.science.org/doi/abs/10.1126/sciadv.aeg9950?af=R,2026-06-24 07:00:00 UTC,AAAS: Science Advances: Table of Contents,2026-06-24 07:00:00+00:00
Records of compass heading for long-distance ocean migrators show mid-ocean reorientation,https://www.science.org/doi/abs/10.1126/sciadv.aed8113?af=R,2026-06-24 07:00:00 UTC,AAAS: Science Advances: Table of Contents,2026-06-24 07:00:00+00:00
GPAM mediates mitochondrial dysfunction and the progression of alcoholic liver disease through lipid remodeling,https://www.science.org/doi/abs/10.1126/sciadv.aef1896?af=R,2026-06-24 07:00:00 UTC,AAAS: Science Advances: Table of Contents,2026-06-24 07:00:00+00:00
FUBL-3/FUBP1 mediates mitochondrial stress–induced chromatin remodeling and longevity,https://www.science.org/doi/abs/10.1126/sciadv.aec8143?af=R,2026-06-24 07:00:00 UTC,AAAS: Science Advances: Table of Contents,2026-06-24 07:00:00+00:00
Reentrant superconductivity at an oxide heterointerface,https://www.science.org/doi/abs/10.1126/sciadv.aeg0460?af=R,2026-06-24 07:00:00 UTC,AAAS: Science Advances: Table of Contents,2026-06-24 07:00:00+00:00
FOLR1-targeted actinium-225–based alpha-particle therapy eliminates ovarian cancer,https://www.science.org/doi/abs/10.1126/sciadv.aef0121?af=R,2026-06-24 07:00:00 UTC,AAAS: Science Advances: Table of Contents,2026-06-24 07:00:00+00:00
A subnanoscale dynamic-integrated catalytic system for bioinspired photoelectrochemical ammonia synthesis,https://www.science.org/doi/abs/10.1126/sciadv.aee9634?af=R,2026-06-24 07:00:00 UTC,AAAS: Science Advances: Table of Contents,2026-06-24 07:00:00+00:00
Inflammatory monocytes constrain YAP-induced cell proliferation,https://www.science.org/doi/abs/10.1126/sciadv.aee8580?af=R,2026-06-24 07:00:00 UTC,AAAS: Science Advances: Table of Contents,2026-06-24 07:00:00+00:00
Smart contact lens–trained digital twin for device-free personalized uric acid prediction,https://www.science.org/doi/abs/10.1126/sciadv.aee8506?af=R,2026-06-24 07:00:00 UTC,AAAS: Science Advances: Table of Contents,2026-06-24 07:00:00+00:00
A stable superatomic nitrogen ring crystal under ambient conditions,https://www.science.org/doi/abs/10.1126/sciadv.aee5798?af=R,2026-06-24 07:00:00 UTC,AAAS: Science Advances: Table of Contents,2026-06-24 07:00:00+00:00
Image feature embedding with a deep learning framework improves genome-wide association studies on dog endophenotypes,https://www.science.org/doi/abs/10.1126/sciadv.aee1088?af=R,2026-06-24 07:00:00 UTC,AAAS: Science Advances: Table of Contents,2026-06-24 07:00:00+00:00
"A modular hydrogel system with independent control of bioadhesion, fibrosis, and stiffness",https://www.science.org/doi/abs/10.1126/sciadv.aee3894?af=R,2026-06-24 07:00:00 UTC,AAAS: Science Advances: Table of Contents,2026-06-24 07:00:00+00:00
Fox ESS secures 10 GWh of Australian battery supply deals,https://www.ess-news.com/2026/06/24/fox-ess-secures-10-gwh-of-australian-battery-supply-deals/,2026-06-24 07:30:00 UTC,Latest news about ESS Projects & Applications | ESS News,2026-06-24 07:30:00+00:00
BioCirc Launches World’s Largest BECCS Facility In Denmark,https://carbonherald.com/biocirc-launches-worlds-largest-beccs-facility-in-denmark/?utm_source=rss&utm_medium=rss&utm_campaign=biocirc-launches-worlds-largest-beccs-facility-in-denmark,2026-06-24 07:54:52 UTC,Carbon Herald,2026-06-24 07:54:52+00:00
"Inbreeding didn’t doom the Neanderthals, study suggests",https://www.science.org/content/article/inbreeding-didn-t-doom-neanderthals-study-suggests,2026-06-24 08:00:00 UTC,Latest News from Science Magazine,2026-06-24 08:00:00+00:00
"Ore Energy, Budget Thuis announce 1 GWh iron-air storage deal",https://www.ess-news.com/2026/06/24/ore-energy-budget-thuis-announce-1-gwh-iron-air-storage-deal/,2026-06-24 08:00:00 UTC,Latest news about ESS Projects & Applications | ESS News,2026-06-24 08:00:00+00:00
Novo Nordisk And Re.green To Restore Amazonian Forest In New CDR Deal,https://carbonherald.com/novo-nordisk-and-re-green-to-restore-amazonian-forest-in-new-cdr-deal/?utm_source=rss&utm_medium=rss&utm_campaign=novo-nordisk-and-re-green-to-restore-amazonian-forest-in-new-cdr-deal,2026-06-24 10:56:08 UTC,Carbon Herald,2026-06-24 10:56:08+00:00
Why were mysterious ancient humans found in an African cave all female?,https://www.science.org/content/article/why-were-mysterious-ancient-humans-found-african-cave-all-female,2026-06-24 11:00:00 UTC,Latest News from Science Magazine,2026-06-24 11:00:00+00:00
"WOOD & Company, Delta Capacity complete 70 MW/160 MWh BESS",https://www.ess-news.com/2026/06/24/wood-company-delta-capacity-say-they-completed-nordics-largest-bess/,2026-06-24 11:00:00 UTC,Latest news about ESS Projects & Applications | ESS News,2026-06-24 11:00:00+00:00
Retraction questions claim that cancer therapy works better in morning,https://www.science.org/content/article/retraction-questions-claim-cancer-therapy-works-better-morning,2026-06-24 11:20:00 UTC,Latest News from Science Magazine,2026-06-24 11:20:00+00:00
ITM Power and DB Systemtechnik deepen rail decarbonization collaboration,https://hydrogentechworld.com/itm-power-and-db-systemtechnik-deepen-rail-decarbonization-collaboration,2026-06-24 11:27:24 UTC,Hydrogen Tech World.com,2026-06-24 11:27:24+00:00
Why this heatwave feels worse than the last one,https://www.bbc.co.uk/weather/articles/c3vyzly206no?at_medium=RSS&at_campaign=rss,2026-06-24 12:24:39 UTC,BBC News,2026-06-24 12:24:39+00:00
Måde PtX facility starts hydrogen production,https://hydrogentechworld.com/made-ptx-facility-starts-hydrogen-production,2026-06-24 13:40:31 UTC,Hydrogen Tech World.com,2026-06-24 13:40:31+00:00
New Nonprofit Alliance Seeks To Strengthen Corporate Action On Superpollutants,https://carbonherald.com/new-nonprofit-alliance-seeks-to-strengthen-corporate-action-on-superpollutants/?utm_source=rss&utm_medium=rss&utm_campaign=new-nonprofit-alliance-seeks-to-strengthen-corporate-action-on-superpollutants,2026-06-24 14:16:28 UTC,Carbon Herald,2026-06-24 14:16:28+00:00
"Heat pump growth stalls as government support cut, warns climate watchdog",https://www.bbc.co.uk/news/articles/cn8k4pek3gzo?at_medium=RSS&at_campaign=rss,2026-06-24 14:32:02 UTC,BBC News,2026-06-24 14:32:02+00:00
16 Winners Will Share The Nearly $30M Award From Tencent’s CarbonX 2.0 Program,https://carbonherald.com/16-winners-will-share-the-nearly-30m-award-from-tencents-carbonx-2-0-program/?utm_source=rss&utm_medium=rss&utm_campaign=16-winners-will-share-the-nearly-30m-award-from-tencents-carbonx-2-0-program,2026-06-24 14:54:55 UTC,Carbon Herald,2026-06-24 14:54:55+00:00
Hottest June day on record for the UK as temperature reaches 36C,https://www.bbc.co.uk/weather/articles/cwy0n6r5zrzo?at_medium=RSS&at_campaign=rss,2026-06-24 15:23:41 UTC,BBC News,2026-06-24 15:23:41+00:00
Europe’s extreme heat is shutting down power plants,https://www.technologyreview.com/2026/06/24/1139676/europe-heat-power-plants/,2026-06-24 15:25:28 UTC,Climate change and energy – MIT Technology Review,2026-06-24 15:25:28+00:00
